{"cameraMode":{"drawMode":0,"name":"Shaded","section":"Shading Mode"},"sceneLighting":true,"audioPlay":false,"sceneViewState":{"showFog":true,"showMaterialUpdate":false,"showSkybox":true,"showFlares":true,"showImageEffects":true,"showParticleSystems":true},"in2DMode":false,"pivot":{"x":17.432376861572267,"y":5.567644119262695,"z":27.09512710571289},"rotation":{"x":-0.01990930549800396,"y":-0.005305225029587746,"z":0.0001062045048456639,"w":-0.9997877478599548},"size":91.7841567993164,"orthographic":false}